<?xml version="1.0" encoding="UTF-8"?>
<LightningComponentBundle xmlns="http://soap.sforce.com/2006/04/metadata">
    <apiVersion>47.0</apiVersion>
    <isExposed>true</isExposed>
    <masterLabel>Resume Contact Info</masterLabel>
    <description>Displays Candidate's Contact Information</description>
    <targets>
        <target>lightning__RecordPage</target>
        <target>lightning__AppPage</target>
        <target>lightning__HomePage</target>
    </targets>
    <targetConfigs>
        <targetConfig targets="lightning__AppPage,lightning__HomePage">
            <property   name="recordId"
                        label="Record Id"
                        type="String"
                        description="Id of the Contact Record"
                        datasource="apex://CVAppContactPicklist"/>

            <property   name="showActions"
                        label="Show Actions"
                        type="Boolean"
                        description="Show/Hide Card Actions" />
        </targetConfig>
    </targetConfigs>
</LightningComponentBundle>